{
    "p_bgr": 0.20000000298023224,
    "p_black": 0.05000000074505806,
    "p_br_dep": 0.20000000298023224,
    "p_brightness": 1.0,
    "p_bzl": false,
    "p_c_space": 0,
    "p_c_str": 0.0,
    "p_centerx": 0.0,
    "p_centery": 0.0,
    "p_conv_b": 0.0,
    "p_conv_g": 0.0,
    "p_conv_r": 0.0,
    "p_corner": false,
    "p_ext_gamma": false,
    "p_gb": 0.0,
    "p_interlace": false,
    "p_m_type": 0,
    "p_maskh": 0.75,
    "p_maskl": 0.30000001192092896,
    "p_msize": 1.2999999523162842,
    "p_potato": false,
    "p_rb": 0.0,
    "p_rg": 0.0,
    "p_saturation": 1.0,
    "p_scanline_type": 2,
    "p_scanline_weight": 0.17000000178813934,
    "p_slot": false,
    "p_slotw": 2.9000000953674316,
    "p_vig": false,
    "p_warpx": 0.0,
    "p_warpy": 0.0,
    "p_zoomx": 0.0,
    "p_zoomy": 0.0
}