{
    "bAutoScale": true,
    "bCRTFillWindow": false,
    "bezelHeight": 1.0,
    "bezelName": "Apple_II_Night.png",
    "bezelWidth": 1.0,
    "integer_scale": 2,
    "p_b_extGamma": false,
    "p_b_slot": false,
    "p_b_smoothCorner": true,
    "p_f_barrelDistortion": 0.05999999865889549,
    "p_f_bezelReflection": 0.0,
    "p_f_bgr": 0.0,
    "p_f_black": -0.05999999865889549,
    "p_f_brDep": 0.0,
    "p_f_brightness": 1.0199999809265137,
    "p_f_cStr": 0.0,
    "p_f_convB": 0.0,
    "p_f_convG": 0.0,
    "p_f_convR": 0.0,
    "p_f_corner": 7.065000057220459,
    "p_f_flimGrain": 0.0,
    "p_f_ghostingPercent": 0,
    "p_f_hueGB": 0.0,
    "p_f_hueRB": 0.0,
    "p_f_hueRG": 0.0,
    "p_f_interlace": 0.0,
    "p_f_maskHigh": 0.3100000023841858,
    "p_f_maskLow": 0.4099999964237213,
    "p_f_maskSize": 1.0,
    "p_f_phosphorBlur": 0.1899999976158142,
    "p_f_reflectionBlur": 5.080999851226807,
    "p_f_saturation": 1.0199999809265137,
    "p_f_scanSpeed": 0.0,
    "p_f_scanlineWeight": 1.0,
    "p_f_slotW": 3.0,
    "p_f_vignetteWeight": 0.5699999928474426,
    "p_i_cSpace": 0,
    "p_i_maskType": 0,
    "p_i_postprocessingLevel": 2,
    "p_i_scanlineType": 2,
    "p_v_centerX": -85.0999984741211,
    "p_v_centerY": 98.4000015258789,
    "p_v_reflectionScaleX": 2.9089999198913574,
    "p_v_reflectionScaleY": 2.2669999599456787,
    "p_v_reflectionTranslationX": 0.4309999942779541,
    "p_v_reflectionTranslationY": 0.42899999022483826,
    "p_v_warpX": 0.0,
    "p_v_warpY": 0.0,
    "p_v_zoomX": 0.527999997138977,
    "p_v_zoomY": 0.527999997138977,
    "preset_name": "Apple 2 Small"
}